offer-1 %,hotel-1,rating-1,menu-1,rate-1,delivertime-1,offer-2 %,hotel-2,rating-2,menu-2,rate-2,delivertime-2,offer-3 %,hotel-3,rating-3,menu-3,rate-3,delivertime-3
100.0,Punjab Paratha Hub,4.0,"North Indian, Chinese, Beverages,",150,20.0,25.0,La Pino'z Pizza,4.2,"Pizza, Pasta, Italian, Fast Food",200,18.0,300.0,Big Bowl,3.9,"North Indian, Chinese, Momos",200,28.0
100.0,Vittle Box,0,"Chinese, North Indian, Gujarati, Sandwich, Indo-Chinese, Thai",200,22.0,100.0,Jay Bhavani Vadapav,3.8,"Street Food, Fast Food, Sandwich, Beverages",100,20.0,100.0,Sahi Dahiwade & Delhi Chaat,4.0,"North Indian, Street Food",100,32.0
100.0,Burger King,4.3,"Burger, Fast Food, Desserts, Beverages",200,26.0,50.0,Domino's Pizza,0.0,"Pizza, Italian, Fast Food, Desserts",200,23.0,20.0,Taco Bell,3.9,"Fast Food, Mexican",250,23.0
100.0,Boleto Vadapav,4.1,Street Food,40,17.0,80.0,McDonald's,4.1,"Burger, Fast Food, Beverages",200,17.0,0,Gwalia Sweets & Fast Food,4.2,"Mithai, Street Food, Desserts, Beverages",100,20.0
100.0,Honest,4.2,"South Indian, Chinese, Fast Food, North Indian, Pizza",200,21.0,100.0,HL Frankie,4.2,"Fast Food, Burger, Street Food, Sandwich, Chinese, Beverages",200,18.0,30.0,Wendy's Burgers,3.8,"Burger, Fast Food, American",200,23.0
25.0,Shakti - The Sandwich Shop,4.1,"Sandwich, Wraps, Pizza, Burger, Fast Food, Shake, Beverages",150,22.0,100.0,WOW! Momo,4.0,"Momos, Tibetan, Sichuan, Fast Food, Beverages",150,22.0,100.0,Cake JSK Live Cake,3.8,Bakery,150,28.0
100.0,Urban Kitli,4.1,"Sandwich, Fast Food, Street Food, Tea, Coffee, Beverages, Panini",100,23.0,100.0,KFC,3.8,"Burger, Fast Food, Rolls",200,27.0,10.0,The Belgian Waffle Co.,4.3,"Waffle, Pancake, Ice Cream, Desserts, Beverages, Shake",200,23.0
100.0,Hocco Eatery,4.3,"Pizza, Sandwich, Fast Food, Street Food, Ice Cream, Shake, Burger",250,22.0,100.0,Mahalaxmi Bhaji Pav-Manekchowk Wala,4.3,Street Food,200,22.0,100.0,Tea Post,4.3,"Tea, Coffee, Sandwich, Fast Food, Street Food, Beverages",200,24.0
100.0,Ajay's,4.0,"Burger, Pizza, Fast Food",40,25.0,25.0,Lunchbox - Meals & Thalis,3.8,"North Indian, Biryani, Mughlai",150,27.0,100.0,United Farmers Creamery,4.1,"Ice Cream, Shake, Beverages, Waffle, Desserts",200,13.0
100.0,Danny's Coffee Bar,4.1,"Italian, Sandwich, Pizza, Fast Food, Coffee, Cafe, Street Food",150,18.0,100.0,Drizzle's Pizza,4.2,Pizza,100,23.0,100.0,Burger Singh - Big Punjabi Burgers,4.1,"Burger, American, Fast Food, Desserts, Beverages",150,25.0
100.0,Royal Biryani,4.1,"Biryani, North Indian, Mughlai, Hyderabadi",100,29.0,20.0,La Milano Pizzeria,3.9,"Pizza, Pasta, Italian, American, Mexican, Desserts, Beverages, Fast Food",200,24.0,100.0,MMV - Mumbaiya Misal & Vadapav,4.0,"Maharashtrian, Street Food, Beverages",100,16.0
30.0,Pizza Hut,4.2,"Pizza, Pasta, Italian, Desserts, Beverages, North Indian",150,27.0,100.0,Karnavati Dabeli,3.8,"Street Food, Fast Food, Pizza, Sandwich, Burger, Beverages, Shake, Desserts",150,14.0,0,Subway,4.2,"Healthy Food, Sandwich, Fast Food, Wraps, Salad, Beverages",250,21.0
100.0,Jugaadi Adda,3.9,"Maharashtrian, Street Food",40,25.0,30.0,The Biryani Life,3.8,"Biryani, Mughlai",200,22.0,100.0,Theobroma,4.5,"Bakery, Desserts",100,15.0
100.0,Al Baik Fast Food,4.1,"Shawarma, Pizza, Burger, Sandwich, Rolls, Fast Food, Ice Cream, Shake",250,22.0,100.0,Food On Way,4.0,"North Indian, Chinese",200,28.0,100.0,Karnavati Snacks,3.2,"North Indian, Sichuan, Fast Food, Street Food, Sandwich, Gujarati",150,29.0
200.0,9834 The Fruit Truck,4.2,"Juices, Healthy Food, Shake, Desserts, Beverages",250,19.0,100.0,Shiva's Coffee Bar & Snacks,3.9,"Coffee, Street Food, Pizza, Sandwich, Shake, Beverages, Pasta",200,30.0,100.0,Martino'z Pizza,3.8,"Pasta, Fast Food",150,23.0
100.0,Tummy Fillers,4.2,"Fast Food, Burger, Rolls, Sandwich, Wraps",150,22.0,100.0,Pizza Zone,4.1,"Pizza, Fast Food, Italian, Pasta",150,27.0,35.0,Dangee Dums,4.6,"Bakery, Ice Cream",400,9.0
100.0,Das Khaman,4.3,"Gujarati, Street Food",100,11.0,25.0,Oven Story Pizza,4.2,"Pizza, Italian, Pasta",250,29.0,100.0,Vadilal Hangout,4.4,"Ice Cream, Desserts",150,13.0
100.0,Anand Bhajipav & Pulav Ankurwala,4.0,"Sandwich, Pizza, Fast Food",150,19.0,100.0,Thalaiva Biryani,3.8,Biryani,172,24.0,100.0,Gajanand Pauva House,4.2,"Beverages, Sandwich, Shake, Street Food, Fast Food",150,14.0
100.0,WOW! China,4.0,"Chinese, Asian, Fast Food, Beverages, Snacks",450,45.0,300.0,Chinese Wok,0.0,"Chinese, Asian, Momos",200,29.0,0,Baked By Nini's,4.6,"Bakery, Desserts",200,10.0
100.0,Farki,4.1,"Ice Cream, Desserts, Shake, Coffee, Beverages",100,13.0,25.0,The Chocolate Room,0.0,"Bakery, Waffle, Beverages, Cafe, Coffee, Pizza, Cake",350,13.0,100.0,Marky Momos,4.1,"Momos, Chinese, Seafood, Rolls, Pizza, Fast Food, Sichuan, Beverages",200,24.0
100.0,Jassi De Parathe,4.3,"North Indian, Continental, Desserts, Beverages",400,36.0,100.0,1944 - The Hocco Kitchen,4.4,"North Indian, Chinese, Italian, Ice Cream, Desserts, Beverages, Pizza",400,23.0,100.0,Iqbal Hotel Since 1947,4.0,"North Indian, Mughlai, Chinese, Biryani, Street Food, Beverages",400,31.0
100.0,Bera Samosa,4.2,"Street Food, Fast Food, North Indian, Chinese, Mughlai, Biryani",150,26.0,100.0,Vipul Dudhiya Sweets,4.4,Mithai,150,21.0,30.0,The Good Bowl,3.7,"North Indian, Biryani, Mughlai",200,25.0
100.0,Gita Samosa Centre,4.2,"Street Food, South Indian, Chinese, Fast Food, Beverages",150,27.0,100.0,Shreejikrupa,4.1,"Sandwich, Fast Food, Street Food",100,17.0,100.0,Puffizza,3.9,"Pizza, Pasta, Fast Food, Desserts, Shake",200,30.0
100.0,London Yard Pizza,4.4,Pizza,300,26.0,100.0,Jay Shree Sandwich,3.8,"Fast Food, Sandwich, Pizza, Burger, Street Food",100,22.0,100.0,Dabba & Co,3.8,North Indian,180,23.0
100.0,Havmor Icecream,4.1,"Ice Cream, Desserts",200,21.0,100.0,Jayhind Sweets,4.4,"Mithai, Street Food, Desserts",150,16.0,100.0,Shree Jalaram Parotha House,3.7,"Kathiyawadi, North Indian",150,23.0
100.0,Jasuben Shah Old Pizza,4.3,"Pizza, Sandwich, Fast Food, Street Food, Beverages",150,15.0,0,Vimal Dairy Ice Cream,4.4,"Ice Cream, Desserts, Beverages",100,22.0,100.0,GMB Fast Food,4.1,"North Indian, Chinese, Fast Food",150,34.0
15.0,R.K.Centre,4.2,"North Indian, South Indian, Chinese, Street Food, Fast Food, Pizza, Sandwich, Sichuan",200,23.0,100.0,Puffing - The Live Puff,4.4,"Fast Food, Sichuan",100,29.0,100.0,La Mina's Pizza,3.7,"Burger, Fast Food, Pizza, Beverages, Coffee",200,29.0
100.0,Shivam Snacks,4.1,"South Indian, North Indian, Chinese, Street Food, Pizza, Fast Food",200,22.0,100.0,Chhaswala,4.4,"Beverages, Ice Cream",100,13.0,100.0,RP's Pizzeria,4.1,"Pizza, Fast Food, Italian, Pasta",200,34.0
100.0,Frankie Station,4.1,Fast Food,150,23.0,20.0,Dum Safar Biryani,3.9,"Biryani, Kebab, North Indian, BBQ",150,46.0,100.0,Natural Ice Cream,4.6,"Ice Cream, Desserts",150,13.0
10.0,Behrouz Biryani,4.0,"Biryani, Kebab, North Indian",300,27.0,100.0,Choice Snack Bar,4.4,"Pizza, Sandwich, Panini, Fast Food, Street Food, Desserts, Shake, Beverages",200,20.0,30.0,Momoman,4.1,"Momos, Chinese, Thai",200,25.0
100.0,Magic Chicken,4.2,"Arabian, Fast Food",150,27.0,10.0,Keventers - Milkshakes & Desserts,4.0,"Beverages, Shake",200,18.0,30.0,Art Of Flavors,4.1,"North Indian, Chinese, Biryani",100,32.0
100.0,Starbucks Coffee,4.3,"Cafe, Coffee, Desserts, Beverages",400,15.0,100.0,Sankalp,3.9,"South Indian, North Indian, Desserts, Beverages",250,17.0,100.0,William John's Pizza,3.8,"Fast Food, Pizza, Italian, Desserts, Beverages",200,29.0
100.0,Hocco Ice Cream,4.1,"Desserts, Ice Cream",200,16.0,100.0,Moti Bakery,4.3,Bakery,100,24.0,100.0,Poptos,4.2,"Fast Food, Coffee, Pizza, Burger, Shake",150,26.0
100.0,Oven The Bakery & Cafe,4.2,"Cafe, Bakery, Waffle, Desserts, Beverages",350,13.0,100.0,Radhe Dhokla,4.2,"Gujarati, North Indian",100,23.0,100.0,Kabhi B,4.3,"Bakery, Desserts",150,12.0
100.0,Real Paprika,4.1,"Pizza, Italian, Panini, Chinese, North Indian",200,20.0,100.0,Fresh N Fresh,4.2,"Desserts, Khaleeji, Bakery",200,31.0,100.0,Urban Khichdi,4.3,"North Indian, Healthy Food, Street Food, Beverages",250,24.0
100.0,Lijjat Khaman,0,"Gujarati, Street Food",100,18.0,25.0,Sweet Truth - Cake and Desserts,3.9,"Desserts, Bakery, Ice Cream",150,20.0,100.0,TGB Cafe N Bakery,4.0,"Bakery, Desserts",150,16.0
60.0,Starboy Pizza & Shakes,4.3,"Pizza, Italian, Desserts, Shake, Beverages",150,33.0,100.0,Radhika's Authentic South Indian Food,0.0,"South Indian, Beverages",350,20.0,100.0,The Shake Maker,4.1,"Shake, Beverages",150,23.0
100.0,Z K Fry Centre,0,"North Indian, Biryani, Mughlai",200,25.0,200.0,Winners Pizza - Fresh Dough,3.9,"Pizza, Italian, Desserts, Beverages",200,32.0,100.0,New Freeze Land,4.4,"Sandwich, Pizza, Fast Food, Street Food, Chinese, North Indian, Shake, Beverages",200,24.0
100.0,Honest bowl,4.1,Salad,198,28.0,100.0,Taranovas Pizza,4.1,"Pizza, Italian, Pasta, Fast Food, Street Food",200,25.0,100.0,Jay Jalaram Parotha House,3.8,"North Indian, Gujarati, Kathiyawadi",200,20.0
50.0,House of Pizzas,4.1,"Pizza, Burger, Fast Food, Coffee",200,31.0,75.0,Gurunanak,3.9,North Indian,150,28.0,100.0,Bhookh Lagi Hai,4.5,"BBQ, North Indian, Biryani, Rolls, Momos, Beverages",200,22.0
100.0,Raghuvanshi King Of Taste,4.3,Street Food,100,17.0,100.0,Autograph - Armoise Hotel,0.0,"North Indian, Chinese, Salad, Fast Food, Sandwich, Street Food, Desserts, Beverages",450,19.0,0,Anand,4.3,"Fast Food, Street Food, Sandwich, Shake, Beverages",100,20.0
100.0,Mr. Jumbo,4.2,"Street Food, Sandwich, Burger, Fast Food",150,30.0,100.0,Frankie On Fire,3.9,"Fast Food, Mexican",100,22.0,100.0,Sam's Pizza,4.3,"Pizza, Fast Food",400,21.0
100.0,Davda Dabeli And Kadak,4.0,Gujarati,100,18.0,100.0,Uboat - Gourmet Subs,4.1,"Beverages, Desserts, Fast Food, Wraps, Sandwich",200,19.0,0,Nini's Kitchen - Panchvati,4.4,"North Indian, Italian, Continental, Mexican, Pasta, Pizza, Desserts, Beverages",600,29.0
100.0,Biryani Brothers,4.1,"Biryani, Fast Food",200,23.0,100.0,Season 9,0.0,"North Indian, Chinese, Continental, Thai, Fast Food, Desserts, Beverages",250,35.0,100.0,The Waffle Co.,3.6,"Desserts, Ice Cream, Pancake, Waffle",150,17.0
100.0,Avdhoot Cold Drinks,0,"Sandwich, Pizza, Fast Food, Desserts, Ice Cream",100,28.0,10.0,Bombay Biryani,3.8,Biryani,150,28.0,100.0,Bread Box,4.3,"Sandwich, Fast Food, Street Food",100,27.0
100.0,Real Bites,4.3,"Cafe, Coffee, Sandwich, Burger, Fast Food, Desserts",150,20.0,20.0,NIC Ice Creams,4.4,"Ice Cream, Desserts",100,11.0,100.0,Crush Coffee,4.2,"Cafe, Coffee, Tea, Shake, Beverages",200,25.0
10.0,Sonalben Khakhrawala,4.3,"Paan, Street Food, Fast Food",40,15.0,100.0,Amdos Kitchen,4.3,"Chinese, Momos, Beverages",150,27.0,25.0,Volga Restaurant,4.1,"North Indian, South Indian, Biryani, Fast Food",250,24.0
100.0,Havmor Icecream,4.1,"Ice Cream, Desserts",200,21.0,100.0,Jayhind Sweets,4.4,"Mithai, Street Food, Desserts",150,16.0,100.0,Shree Jalaram Parotha House,3.7,"Kathiyawadi, North Indian",150,23.0
100.0,Anwar E Hilal,0,"North Indian, Chinese, Biryani, Grilled Chicken, Mughlai, Desserts, Beverages",250,30.0,0,Swati Snacks,3.8,"Gujarati, South Indian, Fast Food, Desserts, Beverages",200,24.0,20.0,CakeZone Patisserie,4.2,"Bakery, Desserts, Mithai",300,33.0
100.0,Bombay Darbar Biryani,0,Biryani,100,27.0,100.0,Makhani Darbar,0.0,North Indian,100,17.0,100.0,Hariom Dabeli,4.1,"Sandwich, Burger, Panini, Fast Food, Street Food",150,28.0
20.0,Barbeque Nation,4.3,"North Indian, BBQ, Kebab, Biryani",800,40.0,0,Ankurwala Anand Dalwada Centre,0.0,"Gujarati, Street Food, Fast Food",100,18.0,100.0,Birmies,4.2,"North Indian, Chinese, Mexican, Pizza, Fast Food, Sichuan",200,25.0
100.0,NG Chole Kulche & Pulav,4.2,North Indian,100,17.0,25.0,Khichdi Etc,4.3,North Indian,250,23.0,100.0,Bombay Gulalwadi Manekchowk Wala,3.8,"Street Food, Sandwich, Pizza, Fast Food",150,29.0
100.0,Hocco Ice Cream,4.1,"Desserts, Ice Cream",200,16.0,100.0,Moti Bakery,4.3,Bakery,100,24.0,100.0,Poptos,4.2,"Fast Food, Coffee, Pizza, Burger, Shake",150,26.0
100.0,Z K Fry Centre,0,"North Indian, Biryani, Mughlai",200,25.0,200.0,Winners Pizza - Fresh Dough,3.9,"Pizza, Italian, Desserts, Beverages",200,32.0,100.0,New Freeze Land,4.4,"Sandwich, Pizza, Fast Food, Street Food, Chinese, North Indian, Shake, Beverages",200,24.0
100.0,Honest bowl,4.1,Salad,198,28.0,100.0,Taranovas Pizza,4.1,"Pizza, Italian, Pasta, Fast Food, Street Food",200,25.0,100.0,Jay Jalaram Parotha House,3.8,"North Indian, Gujarati, Kathiyawadi",200,20.0
50.0,House of Pizzas,4.1,"Pizza, Burger, Fast Food, Coffee",200,31.0,75.0,Gurunanak,3.9,North Indian,150,28.0,100.0,Bhookh Lagi Hai,4.5,"BBQ, North Indian, Biryani, Rolls, Momos, Beverages",200,22.0
100.0,Raghuvanshi King Of Taste,4.3,Street Food,100,17.0,100.0,Autograph - Armoise Hotel,0.0,"North Indian, Chinese, Salad, Fast Food, Sandwich, Street Food, Desserts, Beverages",450,19.0,0,Anand,4.3,"Fast Food, Street Food, Sandwich, Shake, Beverages",100,20.0
100.0,Mr. Jumbo,4.2,"Street Food, Sandwich, Burger, Fast Food",150,30.0,100.0,Frankie On Fire,3.9,"Fast Food, Mexican",100,22.0,100.0,Sam's Pizza,4.3,"Pizza, Fast Food",400,21.0
100.0,Davda Dabeli And Kadak,4.0,Gujarati,100,18.0,100.0,Uboat - Gourmet Subs,4.1,"Beverages, Desserts, Fast Food, Wraps, Sandwich",200,19.0,0,Nini's Kitchen - Panchvati,4.4,"North Indian, Italian, Continental, Mexican, Pasta, Pizza, Desserts, Beverages",600,29.0
100.0,Biryani Brothers,4.1,"Biryani, Fast Food",200,23.0,100.0,Season 9,0.0,"North Indian, Chinese, Continental, Thai, Fast Food, Desserts, Beverages",250,35.0,100.0,The Waffle Co.,3.6,"Desserts, Ice Cream, Pancake, Waffle",150,17.0
100.0,Avdhoot Cold Drinks,0,"Sandwich, Pizza, Fast Food, Desserts, Ice Cream",100,28.0,10.0,Bombay Biryani,3.8,Biryani,150,28.0,100.0,Bread Box,4.3,"Sandwich, Fast Food, Street Food",100,27.0
100.0,Real Bites,4.3,"Cafe, Coffee, Sandwich, Burger, Fast Food, Desserts",150,20.0,20.0,NIC Ice Creams,4.4,"Ice Cream, Desserts",100,11.0,100.0,Crush Coffee,4.2,"Cafe, Coffee, Tea, Shake, Beverages",200,25.0
10.0,Sonalben Khakhrawala,4.3,"Paan, Street Food, Fast Food",40,15.0,100.0,Amdos Kitchen,4.3,"Chinese, Momos, Beverages",150,27.0,25.0,Volga Restaurant,4.1,"North Indian, South Indian, Biryani, Fast Food",250,24.0
100.0,Anwar E Hilal,0,"North Indian, Chinese, Biryani, Grilled Chicken, Mughlai, Desserts, Beverages",250,30.0,0,Swati Snacks,3.8,"Gujarati, South Indian, Fast Food, Desserts, Beverages",200,24.0,20.0,CakeZone Patisserie,4.2,"Bakery, Desserts, Mithai",300,33.0
100.0,Bombay Darbar Biryani,0,Biryani,100,27.0,100.0,Makhani Darbar,0.0,North Indian,100,17.0,100.0,Hariom Dabeli,4.1,"Sandwich, Burger, Panini, Fast Food, Street Food",150,28.0
20.0,Barbeque Nation,4.3,"North Indian, BBQ, Kebab, Biryani",800,40.0,0,Ankurwala Anand Dalwada Centre,0.0,"Gujarati, Street Food, Fast Food",100,18.0,100.0,Birmies,4.2,"North Indian, Chinese, Mexican, Pizza, Fast Food, Sichuan",200,25.0
100.0,NG Chole Kulche & Pulav,4.2,North Indian,100,17.0,25.0,Khichdi Etc,4.3,North Indian,250,23.0,100.0,Bombay Gulalwadi Manekchowk Wala,3.8,"Street Food, Sandwich, Pizza, Fast Food",150,29.0
100.0,Burger Mania,4.2,"Burger, Sandwich, Fast Food, Beverages",100,26.0,15.0,R K Restaurant,3.8,North Indian,100,20.0,125.0,Faasos Signature Wraps & Rolls,3.9,"Rolls, Wraps, Shawarma",150,28.0
100.0,A -1 Shalimar Biryani,4.1,Biryani,150,23.0,30.0,Simran,3.9,"North Indian, Chinese, Mughlai, Seafood, Biryani, Ice Cream, Beverages",350,22.0,100.0,New Bombay Biryani,3.7,Biryani,100,25.0
100.0,Kinjal Dining Hall,4.0,"North Indian, Gujarati",150,31.0,100.0,Mumbai Fresh Vadapav,0.0,"Fast Food, Maharashtrian, Street Food",100,25.0,100.0,Mewad,4.2,"Fast Food, Street Food, Sandwich, Burger, Pizza, Beverages",150,14.0
100.0,Super Donuts - American Eatery & Bakery,4.3,"Bakery, Burger, Coffee, Desserts, Fast Food, Shake, Wraps, Cake",200,19.0,0,Delhi 6 Paratha Point,0.0,North Indian,100,24.0,100.0,Azad Sweets & Restaurant,3.9,"Mithai, Gujarati, Sindhi",200,16.0
100.0,Great Britain Waffle,4.2,"Waffle, Desserts, Coffee, Beverages",100,23.0,100.0,Ambica Dalvada Centre,4.4,Street Food,100,17.0,100.0,Jay Malhar Restaurant,3.8,"Chinese, Gujarati, North Indian, Street Food",150,27.0
100.0,Wagh Bakri Tea Lounge,3.9,"Cafe, Beverages, Fast Food, Desserts, Tea",400,25.0,100.0,A-One Bombay Biryani,3.9,Biryani,100,25.0,0,Dakshinayan,4.4,"South Indian, Desserts, Beverages",400,22.0
100.0,Burgonomics,4.0,"Burger, Beverages",250,25.0,100.0,78 Vadapav,0.0,"Maharashtrian, Street Food, Fast Food, Sandwich, Gujarati",100,23.0,100.0,O-Kind Pizza,3.6,"Pizza, Street Food",200,27.0
125.0,Nutan Restaurant,4.2,"North Indian, Shake, Gujarati, Chinese, Pasta",300,22.0,100.0,Olio - The Wood Fired Pizzeria,3.8,"Pizza, Italian, Fast Food, Beverages",200,38.0,100.0,Nawabi Zayka,3.9,North Indian,150,29.0
100.0,Super Dawat Tawa Fry Centre,4.1,"North Indian, Mughlai",200,13.0,100.0,Havmor Havfunn Icecream,3.8,"Ice Cream, Desserts",100,11.0,100.0,Monginis Cake Shop,3.9,"Bakery, Desserts, Cake",150,20.0
100.0,Micro Cafe,4.4,"Burger, American, Fast Food",100,20.0,100.0,Mohanlal S Mithaiwala,0.0,"Mithai, Street Food, Bengali",150,12.0,100.0,Sliceline Cafe,4.0,"Italian, Cafe, Bakery, Pizza, Pasta, Salad, Fast Food, Beverages",400,31.0
150.0,M.M. Parotha House,0,"North Indian, Chinese, Gujarati, Biryani, Street Food, Beverages",250,20.0,100.0,Wok On Way,3.8,"Chinese, Sichuan",150,32.0,100.0,Roastea,3.8,"Cafe, Italian, Beverages, Desserts, Sandwich, Bakery, Fast Food, North Indian",250,40.0
100.0,The Blue Oven,4.0,"Pizza, Pasta, Italian, Beverages",400,25.0,100.0,Punjab Di Mahek,0.0,"North Indian, Chinese, Pasta, Salad, Healthy Food",250,30.0,100.0,Sasuma,4.2,"Gujarati, North Indian, Fast Food, Sichuan",150,32.0
100.0,Chinese Square,4.2,"Chinese, Fast Food",200,30.0,100.0,Janvi Panipuri Center,0.0,Street Food,100,22.0,100.0,B.K Nagar Cholafali,4.2,Gujarati,100,19.0
100.0,Saladific,4.3,"Salad, Wraps, Healthy Food, Sandwich, Juices, Beverages",200,21.0,100.0,The Chaap Junction,4.0,"North Indian, Rolls, Momos, Biryani",200,23.0,75.0,Fresh King,4.3,"Juices, Shake, Beverages",40,20.0
100.0,Bikanervala,4.2,"Mithai, Street Food, North Indian",200,29.0,0,Vallabh,4.2,"Pizza, Burger, Ice Cream, Wraps, Desserts, Shake, Sandwich",100,17.0,100.0,Ristretto - Behind The Rods,4.2,"Continental, Chinese, North Indian, Lebanese, Italian, Fast Food, Desserts, Beverages",200,23.0
100.0,Flavour Space,4.2,"Chinese, North Indian, Modern Indian, , Gujarati, Kathiyawadi",200,35.0,100.0,Navjivan Restaurant,3.9,North Indian,300,27.0,100.0,DELHI CHICKEN BIRYANI CORNER,4.2,"Biryani, North Indian",150,24.0
100.0,Chinese Square,4.2,"Chinese, Fast Food",200,30.0,100.0,Janvi Panipuri Center,0.0,Street Food,100,22.0,100.0,B.K Nagar Cholafali,4.2,Gujarati,100,19.0
100.0,Saladific,4.3,"Salad, Wraps, Healthy Food, Sandwich, Juices, Beverages",200,21.0,100.0,The Chaap Junction,4.0,"North Indian, Rolls, Momos, Biryani",200,23.0,75.0,Fresh King,4.3,"Juices, Shake, Beverages",40,20.0
100.0,Bikanervala,4.2,"Mithai, Street Food, North Indian",200,29.0,0,Vallabh,4.2,"Pizza, Burger, Ice Cream, Wraps, Desserts, Shake, Sandwich",100,17.0,100.0,Ristretto - Behind The Rods,4.2,"Continental, Chinese, North Indian, Lebanese, Italian, Fast Food, Desserts, Beverages",200,23.0
100.0,Flavour Space,4.2,"Chinese, North Indian, Modern Indian, , Gujarati, Kathiyawadi",200,35.0,100.0,Navjivan Restaurant,3.9,North Indian,300,27.0,100.0,DELHI CHICKEN BIRYANI CORNER,4.2,"Biryani, North Indian",150,24.0
100.0,Gabru Di Chaap,4.2,"North Indian, Wraps, Fast Food, Sandwich, Beverages",400,23.0,100.0,Wok On Fire,3.8,"Chinese, Asian, Momos, Desserts, Beverages",400,26.0,100.0,Jalaram Khaman House,4.2,"Street Food, Gujarati",100,20.0
30.0,Tim Hortons,4.3,"Cafe, Coffee, Beverages, Italian, Sandwich, Fast Food",600,18.0,100.0,Samrat Snacks,4.1,"South Indian, Street Food, Pizza, Sandwich",150,33.0,100.0,The Poutinerie,4.2,"Burger, Fast Food, Beverages, Coffee",200,22.0
100.0,Oshwal,4.4,"Gujarati, South Indian, Chinese, Fast Food, Beverages, Biryani, Juices, North Indian",400,13.0,100.0,Kwality Dosa,3.8,"South Indian, Sandwich, Beverages",150,20.0,100.0,Paramount Restaurant Since 1969,4.1,"North Indian, Chinese, Mughlai, Biryani, Seafood, Continental, Rolls, Beverages",400,25.0
100.0,Upper Crust Bakery,4.4,"Bakery, Desserts, Street Food",400,15.0,0,Ginny's Kitchen,4.0,"South Indian, North Indian",150,28.0,100.0,Mad Over Donuts,4.0,Desserts,180,41.0
30.0,Tim Hortons,4.3,"Cafe, Coffee, Beverages, Italian, Sandwich, Fast Food",600,18.0,100.0,Samrat Snacks,4.1,"South Indian, Street Food, Pizza, Sandwich",150,33.0,100.0,The Poutinerie,4.2,"Burger, Fast Food, Beverages, Coffee",200,22.0
100.0,Oshwal,4.4,"Gujarati, South Indian, Chinese, Fast Food, Beverages, Biryani, Juices, North Indian",400,13.0,100.0,Kwality Dosa,3.8,"South Indian, Sandwich, Beverages",150,20.0,100.0,Paramount Restaurant Since 1969,4.1,"North Indian, Chinese, Mughlai, Biryani, Seafood, Continental, Rolls, Beverages",400,25.0
100.0,Upper Crust Bakery,4.4,"Bakery, Desserts, Street Food",400,15.0,0,Ginny's Kitchen,4.0,"South Indian, North Indian",150,28.0,100.0,Mad Over Donuts,4.0,Desserts,180,41.0
100.0,Modi Sandwich & Pizza,0,"Pizza, Sandwich, Sichuan, Burger, Fast Food, Street Food, Beverages",150,30.0,100.0,Upper Crust,3.9,"BBQ, Modern Indian, Italian, Desserts, North Indian, Pizza, Bakery",350,25.0,30.0,Hotel ZK,3.7,"North Indian, Chinese, Mughlai, Continental, Roast Chicken, Seafood, Kebab, Beverages",350,29.0
100.0,Hyderabadi Biryani,4.2,Biryani,100,22.0,100.0,Prince Restaurant  Naranpura,0.0,"South Indian, North Indian, Chinese, Sandwich, Pizza, Street Food, Ice Cream, Beverages",350,17.0,100.0,Mayur Bhajiya,4.2,"Street Food, South Indian, Sandwich, Fast Food",100,15.0
100.0,Mr. Kutchhi,4.1,Street Food,100,23.0,100.0,Khana Khazana,4.0,"North Indian, Chinese",200,20.0,100.0,Chetna Ganthia Rath,4.2,"Mithai, Street Food, Gujarati",150,24.0
100.0,Cake Junction,4.4,Bakery,200,23.0,100.0,Udupi Shree Darshini Restaurant,3.8,"South Indian, Beverages",150,18.0,50.0,Crusto's - Cheese Burst Pizza By Olio,4.0,"Pizza, Italian, Fast Food, Beverages",200,38.0
100.0,Mr. Kutchhi,4.1,Street Food,100,23.0,100.0,Khana Khazana,4.0,"North Indian, Chinese",200,20.0,100.0,Chetna Ganthia Rath,4.2,"Mithai, Street Food, Gujarati",150,24.0
100.0,Cake Junction,4.4,Bakery,200,23.0,100.0,Udupi Shree Darshini Restaurant,3.8,"South Indian, Beverages",150,18.0,50.0,Crusto's - Cheese Burst Pizza By Olio,4.0,"Pizza, Italian, Fast Food, Beverages",200,38.0
20.0,Mocha,4.1,"Italian, Pizza, Momos, Pasta, North Indian, Desserts, Beverages",750,30.0,10.0,Shawarma Souk,3.9,"Shawarma, Arabian, North Indian, Biryani, Fast Food",200,29.0,100.0,Das Pendawala,4.3,"Mithai, Bakery",150,20.0
100.0,Huber & Holly,4.4,"Ice Cream, Desserts, Pizza, Sandwich, Pasta, Beverages",250,18.0,100.0,Cheers,4.4,"Coffee, Ice Cream, Shake, Beverages, Juices",150,14.0,125.0,Veg Meals by Lunchbox,3.9,"North Indian, Biryani, Mughlai",200,23.0
100.0,Hotel Moti Mahal,4.1,"North Indian, Chinese, Continental, Seafood, Fast Food, Mughlai, Ice Cream, Beverages",400,31.0,100.0,Sunrise Restaurant,4.2,"South Indian, Sandwich, Pizza, North Indian, Chinese, Fast Food, Street Food, Shake",250,28.0,100.0,Dusk Restaurant,3.7,"North Indian, Chinese, South Indian, Fast Food",150,27.0
100.0,Jalaram,4.3,North Indian,200,32.0,0,Kamal Sweets,4.3,"Mithai, Street Food",40,28.0,100.0,Kilos,3.8,"North Indian, Chinese",250,29.0
100.0,Gita Samosa Center,4.4,"Street Food, South Indian, Fast Food",100,16.0,100.0,Khichdi Bar,0.0,Healthy Food,200,40.0,100.0,Ladli Fast Food,4.0,"North Indian, Gujarati, Sandwich, Pizza, Fast Food, Sichuan, Shake, Beverages",150,30.0
100.0,Bombay Biryani,4.3,Biryani,100,26.0,100.0,Ambika Dalwada & Khiru,3.8,Street Food,100,28.0,100.0,Sawariya Farali Center,4.1,"Gujarati, Fast Food, Street Food",100,30.0
100.0,The Khan's Kitchen,0,"Shawarma, Biryani, Shake, Fast Food, Pizza",100,36.0,100.0,Chaai Seth,3.9,"Tea, Beverages, Fast Food, Burger, Street Food",150,29.0,100.0,Shiva Paratha & Pulav House,4.1,"North Indian, Street Food",100,23.0
100.0,Tartine Deep Dish Pizzeria,3.7,"Pizza, Italian, Desserts",250,44.0,50.0,Samosa & Co. By TGB,0.0,Street Food,100,28.0,100.0,Gayatri Bhajipav & Fast Food,4.1,"Street Food, Chinese, South Indian, Pizza",150,28.0
100.0,50 Chinese,4.2,"Chinese, Rolls",150,30.0,0,Mirch Masala,3.9,"North Indian, Mughlai, Biryani, Desserts, Beverages",400,32.0,100.0,Northeast Kitchen,4.2,"North Indian, Seafood, Chinese",250,32.0
100.0,Iqbal Fast Food And Sweets,4.0,"Pizza, Sandwich, Fast Food, Street Food, Mithai",150,39.0,100.0,Sambar Cafe - Navrangpura,4.3,"South Indian, Beverages",150,21.0,100.0,Little French House,4.3,"Cafe, Beverages, Continental, Italian, Mexican, Fast Food, Desserts, Waffle",500,20.0
100.0,Charbhuja Sandwich Centre,4.1,"Sandwich, Street Food, Fast Food",100,19.0,40.0,"The Dessert Heaven - Pastry, Brownie and Cakes",4.1,"Desserts, Bakery, Mithai",100,30.0,100.0,Mahalaxmi Fast Food And Kathiyawadi,3.8,"Gujarati, Kathiyawadi, North Indian",150,20.0
100.0,Mleko,4.3,"Cafe, Coffee, Bakery, Fast Food, Continental, Desserts, Beverages, Burger",250,21.0,100.0,Delight,4.1,"Chinese, South Indian, Pizza, Sandwich, Fast Food, Street Food",200,29.0,100.0,Laxmi Ganthiya Rath,4.1,"Gujarati, Street Food",100,18.0
100.0,50 Chinese,4.2,"Chinese, Rolls",150,30.0,0,Mirch Masala,3.9,"North Indian, Mughlai, Biryani, Desserts, Beverages",400,32.0,100.0,Northeast Kitchen,4.2,"North Indian, Seafood, Chinese",250,32.0
100.0,Iqbal Fast Food And Sweets,4.0,"Pizza, Sandwich, Fast Food, Street Food, Mithai",150,39.0,100.0,Sambar Cafe - Navrangpura,4.3,"South Indian, Beverages",150,21.0,100.0,Little French House,4.3,"Cafe, Beverages, Continental, Italian, Mexican, Fast Food, Desserts, Waffle",500,20.0
100.0,Charbhuja Sandwich Centre,4.1,"Sandwich, Street Food, Fast Food",100,19.0,40.0,"The Dessert Heaven - Pastry, Brownie and Cakes",4.1,"Desserts, Bakery, Mithai",100,30.0,100.0,Mahalaxmi Fast Food And Kathiyawadi,3.8,"Gujarati, Kathiyawadi, North Indian",150,20.0
100.0,Mleko,4.3,"Cafe, Coffee, Bakery, Fast Food, Continental, Desserts, Beverages, Burger",250,21.0,100.0,Delight,4.1,"Chinese, South Indian, Pizza, Sandwich, Fast Food, Street Food",200,29.0,100.0,Laxmi Ganthiya Rath,4.1,"Gujarati, Street Food",100,18.0
100.0,Rafik Fry,0,"North Indian, Mughlai, Seafood, Chinese",200,28.0,100.0,Asharfi Kulfi,3.9,"Ice Cream, Desserts",150,23.0,100.0,Biryani Stock Exchange,3.9,"Biryani, Seafood, Mughlai, Fast Food, Desserts, North Indian",200,29.0
100.0,Jain Dairy,4.2,"Mithai, Desserts",100,14.0,100.0,Anand Ankurwala,4.2,"Sandwich, Fast Food, Beverages, Shake",150,20.0,100.0,Vaishnav Farali World,4.0,"Gujarati, Street Food",150,33.0
100.0,Kaaffeella Cafe,3.9,"Cafe, Sandwich, Pizza, Fast Food, Chinese, Street Food, Shake, Beverages",200,27.0,30.0,Fix Meals By The Chocolate Room,3.8,"North Indian, Chinese",150,32.0,75.0,Raju Omelette,3.9,Street Food,100,29.0
100.0,A Gourmesserie,4.4,"Cafe, Coffee, Italian, Continental, Bakery, Desserts, Beverages",400,21.0,100.0,Twisted Toppings,3.8,"Pizza, Fast Food, Beverages",200,33.0,100.0,Shreeji Krupa Bombay Vadapav,4.1,"Street Food, Pizza, Sandwich",100,21.0
100.0,Ab Chai Pe Charcha,3.7,"Tea, Gujarati, Fast Food, Street Food, Sandwich, Coffee, Shake, Beverages",200,28.0,100.0,New A1 Bombay Bhatiyara,0.0,"Biryani, Beverages",100,25.0,100.0,Wakka Makka Chinese,3.4,"Chinese, Asian, Thai",100,31.0
100.0,Shree Kailash Pav Bhaji And Pulav Centre,4.2,"Street Food, North Indian, South Indian, Sandwich, Pizza",200,23.0,20.0,New York Waffles & Dinges,0.0,"Waffle, Bakery, Desserts, Shake, Beverages",150,27.0,100.0,Kovallam,4.1,"South Indian, Beverages",350,18.0
100.0,Papa Louie's Pizza,4.0,"Pizza, Fast Food",300,25.0,100.0,Savariya Khichdi Center,4.0,"Healthy Food, Street Food",100,24.0,100.0,Thali Theory,4.0,"Gujarati, North Indian, Kathiyawadi",150,32.0
100.0,Zayka Bombay Biryani,0,Biryani,150,25.0,100.0,Dairy Den,0.0,"Ice Cream, Desserts, Beverages",150,14.0,100.0,Big Fat Monk,3.4,"Chinese, Asian, Thai, Momos, Desserts, Beverages",100,29.0
100.0,Shree Vrundavan Sweets,4.1,"Mithai, Street Food",100,24.0,100.0,House Of Delhi Swad Purani Dilli Ka,0.0,North Indian,100,28.0,100.0,Neelam Sandwich & Pizza,4.2,"Sandwich, Pizza, Fast Food, Street Food, Shake, Beverages",150,23.0
100.0,Asharfi Kulfi,4.3,"Desserts, Ice Cream, Beverages, Shake",150,20.0,300.0,The Black Chimney,0.0,"North Indian, Chinese, Kebab, Burger, Italian, Wraps, Fast Food, Beverages",150,24.0,100.0,Bhole Ke Chole,4.1,"North Indian, Street Food, Desserts, Beverages",100,41.0
100.0,Arpit Ragda Patties,4.3,Street Food,100,15.0,100.0,Shree Ji Khana Khazana,4.2,"North Indian, Chinese, Pasta",200,29.0,150.0,Kbob's,3.1,"Biryani, North Indian, Mughlai, Chinese, Seafood",150,25.0
100.0,Vipul Dudhia Gajara,4.0,"Mithai, Desserts",150,11.0,100.0,COFFEE ByUs,0.0,"Coffee, Pasta, Sandwich, Juices, Fast Food, Burger",200,25.0,100.0,House Of Burgers,4.0,"Burger, Fast Food, Pizza, Coffee",150,30.0
100.0,Shree Vrundavan Sweets,4.1,"Mithai, Street Food",100,24.0,100.0,House Of Delhi Swad Purani Dilli Ka,0.0,North Indian,100,28.0,100.0,Neelam Sandwich & Pizza,4.2,"Sandwich, Pizza, Fast Food, Street Food, Shake, Beverages",150,23.0
100.0,Asharfi Kulfi,4.3,"Desserts, Ice Cream, Beverages, Shake",150,20.0,300.0,The Black Chimney,0.0,"North Indian, Chinese, Kebab, Burger, Italian, Wraps, Fast Food, Beverages",150,24.0,100.0,Bhole Ke Chole,4.1,"North Indian, Street Food, Desserts, Beverages",100,41.0
100.0,Arpit Ragda Patties,4.3,Street Food,100,15.0,100.0,Shree Ji Khana Khazana,4.2,"North Indian, Chinese, Pasta",200,29.0,150.0,Kbob's,3.1,"Biryani, North Indian, Mughlai, Chinese, Seafood",150,25.0
100.0,Vipul Dudhia Gajara,4.0,"Mithai, Desserts",150,11.0,100.0,COFFEE ByUs,0.0,"Coffee, Pasta, Sandwich, Juices, Fast Food, Burger",200,25.0,100.0,House Of Burgers,4.0,"Burger, Fast Food, Pizza, Coffee",150,30.0
100.0,SNS - Sandwich N Shakes,4.3,"Sandwich, Fast Food, Street Food, Pizza, Tea, Beverages",150,34.0,100.0,Jamnagri Ghughra,0.0,Gujarati,100,24.0,100.0,Radhe Krishna Live Dhokla Khaman,4.0,Gujarati,100,16.0
100.0,Bluez Terrace Cafe,4.1,"North Indian, Chinese, Fast Food, Sandwich, Pizza, Beverages",400,30.0,100.0,Ajaya's Takeaway Food,4.1,"Burger, Pizza, Fast Food, Beverages",100,23.0,100.0,Chili's Grill & Bar,4.3,"Pizza, Burger",800,48.0
20.0,"UBQ-Meals,Thalis & Bowls",0,"North Indian, Kebab, BBQ, Biryani",400,44.0,10.0,Pablos Chicken,3.9,"Burger, Shake",200,35.0,100.0,Shambhu's Coffee Bar,3.9,"Sandwich, Pizza, Fast Food, Desserts, Coffee, Shake, Beverages",200,22.0
20.0,Anjoy Latenight Meals,4.1,"Wraps, Chinese, Burger, Sichuan, Beverages",150,25.0,100.0,Rasranjan,4.3,"Gujarati, Bengali, Mithai, Street Food, Desserts",200,19.0,100.0,Sawariya Seth Restaurant,3.4,"North Indian, Gujarati",150,51.0
100.0,SNS - Sandwich N Shakes,4.3,"Sandwich, Fast Food, Street Food, Pizza, Tea, Beverages",150,34.0,100.0,Jamnagri Ghughra,0.0,Gujarati,100,24.0,100.0,Radhe Krishna Live Dhokla Khaman,4.0,Gujarati,100,16.0
100.0,Bluez Terrace Cafe,4.1,"North Indian, Chinese, Fast Food, Sandwich, Pizza, Beverages",400,30.0,100.0,Ajaya's Takeaway Food,4.1,"Burger, Pizza, Fast Food, Beverages",100,23.0,100.0,Chili's Grill & Bar,4.3,"Pizza, Burger",800,48.0
20.0,"UBQ-Meals,Thalis & Bowls",0,"North Indian, Kebab, BBQ, Biryani",400,44.0,10.0,Pablos Chicken,3.9,"Burger, Shake",200,35.0,100.0,Shambhu's Coffee Bar,3.9,"Sandwich, Pizza, Fast Food, Desserts, Coffee, Shake, Beverages",200,22.0
20.0,Anjoy Latenight Meals,4.1,"Wraps, Chinese, Burger, Sichuan, Beverages",150,25.0,100.0,Rasranjan,4.3,"Gujarati, Bengali, Mithai, Street Food, Desserts",200,19.0,100.0,Sawariya Seth Restaurant,3.4,"North Indian, Gujarati",150,51.0
20.0,Cafe Coffee Day,4.1,"Cafe, Coffee, Tea, Shake, Beverages, Sandwich, Desserts",300,20.0,100.0,Neelkamal Snacks And Coffee Bar,3.9,"Cafe, Beverages, Momos, Fast Food, Street Food, Sandwich",250,28.0,0,Maharaj Samosa Center,4.1,"Street Food, Gujarati, North Indian",100,16.0
125.0,Veg Darbar by Behrouz Biryani,0,"Biryani, Mughlai",300,24.0,100.0,Biryani King,3.9,"Biryani, Fast Food",100,24.0,0,IKC Induben Khakhrawala,4.0,"Gujarati, Street Food",100,24.0
100.0,Joey's Cucina - The Crust & Creamery Delights,3.8,Pizza,100,22.0,100.0,Jugaadi Spot,3.8,Street Food,100,26.0,100.0,Daawat-E-Khaas,4.1,"North Indian, Mughlai, Seafood, Biryani",500,27.0
100.0,Neelam Sandwich & Pizza,4.1,"Sandwich, Pizza, Fast Food, Street Food, Shake",150,21.0,100.0,Royal Punjab Paratha,3.8,"North Indian, Beverages",150,17.0,30.0,Firangi Bake,3.8,"Italian, Mexican, Pasta",200,29.0
100.0,R.K. Egg Eatery,4.1,"North Indian, Street Food",200,34.0,10.0,The Indian Heat,3.8,"North Indian, Chinese, Arabian, Momos, Shake, Sichuan",400,33.0,100.0,TGIH - Thank God It's Healthy,4.3,"Healthy Food, Salad, Sichuan, North Indian, Continental, Beverages",400,38.0
100.0,Chai Sutta Bar,4.2,"Tea, Coffee, Shake, Beverages, Burger, Pizza, Sandwich, Fast Food",100,33.0,100.0,Full Plate Meal,0.0,"Gujarati, Kathiyawadi, North Indian, Street Food, , Chinese",200,28.0,100.0,Nanking Express,4.3,"Chinese, Fast Food, Momos",200,42.0
100.0,The Waffle House,4.1,"Fast Food, Cafe",100,32.0,0,Tiato (Formerly Olio Pizzeria),4.4,"Pizza, Continental, Italian, Beverages",200,38.0,100.0,Shree Kambeshwar Chawana & Sweet Mart,4.1,"Mithai, Desserts, Street Food, Fast Food",150,32.0
10.0,Akbari Hotel,4.0,"Gujarati, North Indian, Biryani, Mughlai, Street Food, Fast Food",200,25.0,100.0,Bhagat Kachori Samosa,4.4,"Street Food, Desserts",100,21.0,100.0,From The North,4.2,"Asian, North Indian, Desserts, Beverages",650,19.0
100.0,R.K. Egg Eatery,4.1,"North Indian, Street Food",200,34.0,10.0,The Indian Heat,3.8,"North Indian, Chinese, Arabian, Momos, Shake, Sichuan",400,33.0,100.0,TGIH - Thank God It's Healthy,4.3,"Healthy Food, Salad, Sichuan, North Indian, Continental, Beverages",400,38.0
100.0,Chai Sutta Bar,4.2,"Tea, Coffee, Shake, Beverages, Burger, Pizza, Sandwich, Fast Food",100,33.0,100.0,Full Plate Meal,0.0,"Gujarati, Kathiyawadi, North Indian, Street Food, , Chinese",200,28.0,100.0,Nanking Express,4.3,"Chinese, Fast Food, Momos",200,42.0
100.0,The Waffle House,4.1,"Fast Food, Cafe",100,32.0,0,Tiato (Formerly Olio Pizzeria),4.4,"Pizza, Continental, Italian, Beverages",200,38.0,100.0,Shree Kambeshwar Chawana & Sweet Mart,4.1,"Mithai, Desserts, Street Food, Fast Food",150,32.0
10.0,Akbari Hotel,4.0,"Gujarati, North Indian, Biryani, Mughlai, Street Food, Fast Food",200,25.0,100.0,Bhagat Kachori Samosa,4.4,"Street Food, Desserts",100,21.0,100.0,From The North,4.2,"Asian, North Indian, Desserts, Beverages",650,19.0
125.0,PVR Café,0,"Fast Food, Burger, Pizza",200,37.0,100.0,Collegian Sandwich,3.8,"Sandwich, Pizza, Street Food",150,25.0,100.0,Vitamin Juice House,4.4,"Juices, Desserts, Shake, Beverages",100,32.0
100.0,Golden Dragon Chinese & Punjabi Food,0,"Chinese, Fast Food, North Indian",150,17.0,100.0,7Violettes,3.8,"Bakery, Desserts",500,20.0,100.0,Talk,3.7,"Bubble Tea, Japanese, Korean, Fast Food, Coffee, Beverages",300,28.0
100.0,ENSO - Sourdough Pizza By Nomad,3.8,"Pizza, Fast Food, Salad, Beverages",300,36.0,100.0,Collegian Sandwich & Snacks,3.9,"Sandwich, Burger, Pizza, Rolls, Fast Food, Street Food",100,23.0,100.0,Cafe Padmanabham,4.1,"South Indian, Beverages, Desserts",150,30.0
100.0,Crazy Plant Lady - A Plant Boutique Cafe,4.2,"Cafe, Coffee, Pizza, Pasta, Healthy Food, Burger, Bakery, Mexican",500,34.0,100.0,Karnavati Dabeli,0.0,"Pizza, Sandwich, Street Food",100,20.0,100.0,Nutsweet The Dessert Lounge,4.4,"Ice Cream, Waffle, Desserts, Shake, Pancake, Coffee",200,20.0
100.0,Go Zero - Ice Creams & Desserts,4.3,"Ice Cream, Desserts, Healthy Food",150,18.0,100.0,Big Scoop Cafe,3.9,"Cafe, Coffee, Bubble Tea, Tea, Fast Food, Desserts, Shake, Beverages",250,18.0,100.0,Jay Bhole Vadapav,4.2,"Fast Food, Street Food, Sandwich, South Indian, Beverages, Shake",150,29.0
100.0,Mani's Licious Momo,4.3,"Pizza, Momos, Burger",200,29.0,100.0,One Pot Meal,0.0,"North Indian, Chinese, Sichuan",200,21.0,100.0,Baker's Den,4.2,"Bakery, Desserts, Fast Food, Street Food, Mithai",200,25.0
100.0,Kunal Sweets,4.4,"Mithai, Street Food",150,23.0,100.0,Helou Ice Cream,4.2,"Ice Cream, Desserts",100,25.0,100.0,Shree Dev Farali Center,4.0,Gujarati,100,29.0
100.0,Rudu Kathiawad,0,"Gujarati, North Indian, Rajasthani, Beverages",100,33.0,100.0,Quick Combos@69,0.0,"North Indian, Desserts",150,21.0,100.0,The Indian Way,4.0,"Fast Food, Salad, Wraps, Sandwich",200,40.0
100.0,Golden Dragon Chinese & Punjabi Food,0,"Chinese, Fast Food, North Indian",150,17.0,100.0,7Violettes,3.8,"Bakery, Desserts",500,20.0,100.0,Talk,3.7,"Bubble Tea, Japanese, Korean, Fast Food, Coffee, Beverages",300,28.0
100.0,ENSO - Sourdough Pizza By Nomad,3.8,"Pizza, Fast Food, Salad, Beverages",300,36.0,100.0,Collegian Sandwich & Snacks,3.9,"Sandwich, Burger, Pizza, Rolls, Fast Food, Street Food",100,23.0,100.0,Cafe Padmanabham,4.1,"South Indian, Beverages, Desserts",150,30.0
100.0,Crazy Plant Lady - A Plant Boutique Cafe,4.2,"Cafe, Coffee, Pizza, Pasta, Healthy Food, Burger, Bakery, Mexican",500,34.0,100.0,Karnavati Dabeli,0.0,"Pizza, Sandwich, Street Food",100,20.0,100.0,Nutsweet The Dessert Lounge,4.4,"Ice Cream, Waffle, Desserts, Shake, Pancake, Coffee",200,20.0
100.0,D' Burger Seth,4.4,"Burger, Fast Food, Tea",150,31.0,20.0,Grameen Kulfi,3.8,"Ice Cream, Desserts",150,11.0,100.0,Kiosk Kaffee,4.3,"Coffee, Sandwich, Shake, Bakery, Beverages",200,19.0
100.0,Khetlaji Vadapav,4.0,"Fast Food, Pizza, Sandwich",40,35.0,100.0,Bhanabhai Ghugharavada,4.1,"Gujarati, Street Food",100,24.0,100.0,Gayatri Bhaji Pav,3.9,"Street Food, Chinese, Fast Food",150,26.0
100.0,Apsara Ice Creams,4.4,"Ice Cream, Shake",200,14.0,400.0,Vadilal Scoop Shop,4.3,"Ice Cream, Desserts, Beverages",150,14.0,100.0,Arabian Zaika,3.8,"Arabian, Mughlai, North Indian, BBQ",100,32.0
100.0,Ame Gujarati,4.0,Gujarati,100,28.0,100.0,Shree Ram Khaman House,4.3,"Street Food, Gujarati",200,30.0,100.0,Breadman,4.1,"Bakery, Fast Food, Desserts, Coffee, Beverages",200,27.0
100.0,Go Zero - Ice Creams & Desserts,4.3,"Ice Cream, Desserts, Healthy Food",150,18.0,100.0,Big Scoop Cafe,3.9,"Cafe, Coffee, Bubble Tea, Tea, Fast Food, Desserts, Shake, Beverages",250,18.0,100.0,Jay Bhole Vadapav,4.2,"Fast Food, Street Food, Sandwich, South Indian, Beverages, Shake",150,29.0
100.0,Mani's Licious Momo,4.3,"Pizza, Momos, Burger",200,29.0,100.0,One Pot Meal,0.0,"North Indian, Chinese, Sichuan",200,21.0,100.0,Baker's Den,4.2,"Bakery, Desserts, Fast Food, Street Food, Mithai",200,25.0
100.0,Kunal Sweets,4.4,"Mithai, Street Food",150,23.0,100.0,Helou Ice Cream,4.2,"Ice Cream, Desserts",100,25.0,100.0,Shree Dev Farali Center,4.0,Gujarati,100,29.0
100.0,Rudu Kathiawad,0,"Gujarati, North Indian, Rajasthani, Beverages",100,33.0,100.0,Quick Combos@69,0.0,"North Indian, Desserts",150,21.0,100.0,The Indian Way,4.0,"Fast Food, Salad, Wraps, Sandwich",200,40.0
100.0,D' Burger Seth,4.4,"Burger, Fast Food, Tea",150,31.0,20.0,Grameen Kulfi,3.8,"Ice Cream, Desserts",150,11.0,100.0,Kiosk Kaffee,4.3,"Coffee, Sandwich, Shake, Bakery, Beverages",200,19.0
100.0,Khetlaji Vadapav,4.0,"Fast Food, Pizza, Sandwich",40,35.0,100.0,Bhanabhai Ghugharavada,4.1,"Gujarati, Street Food",100,24.0,100.0,Gayatri Bhaji Pav,3.9,"Street Food, Chinese, Fast Food",150,26.0
100.0,The Food Maniacs Co.,4.3,"Momos, Burger, Sandwich, Wraps, Fast Food, Shake, Beverages",150,23.0,100.0,The Messy Door Cafe,4.1,"Cafe, Coffee, Sandwich, Pizza, Pasta, Fast Food, Shake, Beverages",350,27.0,100.0,BK Nagar Cholafali,4.3,Gujarati,150,23.0
100.0,New Girish Cold Drinks -Ashram Road,4.3,"Beverages, Juices",100,14.0,100.0,Bismillah Delhi Chicken Biryani,3.8,"Biryani, North Indian",150,24.0,100.0,R S Taste Of Sindh,4.4,"Sindhi, North Indian",150,38.0
100.0,Kathiyawadi Chatako,4.0,"North Indian, Kathiyawadi",400,31.0,20.0,Arabian Hub,0.0,"Lebanese, Arabian",200,24.0,100.0,New A - One Bombay Bhathiara,3.8,Biryani,100,25.0
100.0,Salad Time,4.4,"Salad, Healthy Food, Sandwich, Pasta, Juices, Beverages",200,39.0,100.0,Sub Slider By Uboat,4.0,"Fast Food, American, Beverages, Burger, Desserts, North Indian, Sandwich",200,21.0,100.0,Shreeji Sevusalwala,3.9,"Street Food, South Indian, Pizza, Fast Food",150,24.0
100.0,Apsara Ice Creams,4.4,"Ice Cream, Shake",200,14.0,400.0,Vadilal Scoop Shop,4.3,"Ice Cream, Desserts, Beverages",150,14.0,100.0,Arabian Zaika,3.8,"Arabian, Mughlai, North Indian, BBQ",100,32.0
100.0,Ame Gujarati,4.0,Gujarati,100,28.0,100.0,Shree Ram Khaman House,4.3,"Street Food, Gujarati",200,30.0,100.0,Breadman,4.1,"Bakery, Fast Food, Desserts, Coffee, Beverages",200,27.0
100.0,The Food Maniacs Co.,4.3,"Momos, Burger, Sandwich, Wraps, Fast Food, Shake, Beverages",150,23.0,100.0,The Messy Door Cafe,4.1,"Cafe, Coffee, Sandwich, Pizza, Pasta, Fast Food, Shake, Beverages",350,27.0,100.0,BK Nagar Cholafali,4.3,Gujarati,150,23.0
100.0,New Girish Cold Drinks -Ashram Road,4.3,"Beverages, Juices",100,14.0,100.0,Bismillah Delhi Chicken Biryani,3.8,"Biryani, North Indian",150,24.0,100.0,R S Taste Of Sindh,4.4,"Sindhi, North Indian",150,38.0
100.0,Kathiyawadi Chatako,4.0,"North Indian, Kathiyawadi",400,31.0,20.0,Arabian Hub,0.0,"Lebanese, Arabian",200,24.0,100.0,New A - One Bombay Bhathiara,3.8,Biryani,100,25.0
100.0,Vadilal Happinezz,4.0,"Ice Cream, Bakery, Desserts, Shake",100,26.0,100.0,Cuppuccino,3.8,"Cafe, North Indian, Chinese, Mexican, Pizza, Pasta, Fast Food, Beverages",350,27.0,100.0,Jay Ambe Sandwich,4.3,"Sandwich, Street Food",150,32.0
100.0,Niro By Nini's - Gulbai Tekra,4.1,"Cafe, Coffee, Sandwich, Fast Food, Shake",350,28.0,100.0,Krishna Restaurant & Cafe,3.9,"Cafe, Coffee, Gujarati, North Indian, South Indian, Fast Food, Juices, Beverages",150,31.0,100.0,The Chaiiwale,3.7,"Tea, Coffee, Shake, Beverages, Pizza, Sandwich, Fast Food, Street Food",150,20.0
100.0,MomoVibes,4.2,"Momos, Street Food",100,23.0,400.0,Vadilal Hangout,4.4,"Ice Cream, Desserts",150,29.0,100.0,N.B. Snacks,3.7,"Fast Food, Street Food, Sandwich",100,28.0
100.0,Vastrapur Gathiya,4.2,Gujarati,100,33.0,100.0,Love For Khichdis,4.0,"North Indian, Healthy Food",150,23.0,100.0,La Tasty Sevusal,4.1,Street Food,150,27.0
100.0,Salad Time,4.4,"Salad, Healthy Food, Sandwich, Pasta, Juices, Beverages",200,39.0,100.0,Sub Slider By Uboat,4.0,"Fast Food, American, Beverages, Burger, Desserts, North Indian, Sandwich",200,21.0,100.0,Shreeji Sevusalwala,3.9,"Street Food, South Indian, Pizza, Fast Food",150,24.0
100.0,Vadilal Happinezz,4.0,"Ice Cream, Bakery, Desserts, Shake",100,26.0,100.0,Cuppuccino,3.8,"Cafe, North Indian, Chinese, Mexican, Pizza, Pasta, Fast Food, Beverages",350,27.0,100.0,Jay Ambe Sandwich,4.3,"Sandwich, Street Food",150,32.0
100.0,Niro By Nini's - Gulbai Tekra,4.1,"Cafe, Coffee, Sandwich, Fast Food, Shake",350,28.0,100.0,Krishna Restaurant & Cafe,3.9,"Cafe, Coffee, Gujarati, North Indian, South Indian, Fast Food, Juices, Beverages",150,31.0,100.0,The Chaiiwale,3.7,"Tea, Coffee, Shake, Beverages, Pizza, Sandwich, Fast Food, Street Food",150,20.0
100.0,MomoVibes,4.2,"Momos, Street Food",100,23.0,400.0,Vadilal Hangout,4.4,"Ice Cream, Desserts",150,29.0,100.0,N.B. Snacks,3.7,"Fast Food, Street Food, Sandwich",100,28.0
100.0,Vastrapur Gathiya,4.2,Gujarati,100,33.0,100.0,Love For Khichdis,4.0,"North Indian, Healthy Food",150,23.0,100.0,La Tasty Sevusal,4.1,Street Food,150,27.0
100.0,Bablu Shree Farali Center,0,"Street Food, North Indian",100,29.0,100.0,Shree Radhey Fast Food,3.9,"Fast Food, Sandwich, Pizza, Burger, Street Food",150,29.0,100.0,Biryani Co.,4.3,Biryani,200,18.0
100.0,Anand Kitchen,4.0,"North Indian, Fast Food, Beverages, Shake",100,24.0,150.0,Laxmi Bhajipav,0.0,"Street Food, Chinese",100,24.0,100.0,Theme Parties,3.8,Bakery,100,34.0
100.0,Shiva's Coffee Bar & Snacks,4.0,"Coffee, Pizza, Sandwich, Burger, Fast Food, Shake, Tea",150,27.0,100.0,Manekchowk Pizza & Sandwich,4.3,"Pizza, Sandwich, Ice Cream, Desserts",150,28.0,100.0,Chelvies Coffee,4.0,"Coffee, Beverages, Burger, Continental, Pizza, Bakery, Desserts, Sandwich",400,26.0
100.0,Ambica Dughdhalay,4.4,"Mithai, Desserts, Shake",150,24.0,100.0,No Mad Baker - The Pizzeria,4.1,"Pizza, Fast Food",400,36.0,100.0,Amdawadi Vada Pau Girl,3.8,Street Food,100,56.0
100.0,Bablu Shree Farali Center,0,"Street Food, North Indian",100,29.0,100.0,Shree Radhey Fast Food,3.9,"Fast Food, Sandwich, Pizza, Burger, Street Food",150,29.0,100.0,Biryani Co.,4.3,Biryani,200,18.0
100.0,Anand Kitchen,4.0,"North Indian, Fast Food, Beverages, Shake",100,24.0,150.0,Laxmi Bhajipav,0.0,"Street Food, Chinese",100,24.0,100.0,Theme Parties,3.8,Bakery,100,34.0
100.0,Shiva's Coffee Bar & Snacks,4.0,"Coffee, Pizza, Sandwich, Burger, Fast Food, Shake, Tea",150,27.0,100.0,Manekchowk Pizza & Sandwich,4.3,"Pizza, Sandwich, Ice Cream, Desserts",150,28.0,100.0,Chelvies Coffee,4.0,"Coffee, Beverages, Burger, Continental, Pizza, Bakery, Desserts, Sandwich",400,26.0
100.0,Ambica Dughdhalay,4.4,"Mithai, Desserts, Shake",150,24.0,100.0,No Mad Baker - The Pizzeria,4.1,"Pizza, Fast Food",400,36.0,100.0,Amdawadi Vada Pau Girl,3.8,Street Food,100,56.0
100.0,Shawarmajaan,4.0,Shawarma,198,31.0,100.0,Classic Derani Jethani Icecream,0.0,"Ice Cream, Desserts",100,14.0,100.0,Karnavati Dabeli And Vadapav Center,3.9,"Fast Food, Street Food, Sandwich",150,29.0
100.0,Coffee Stand,0,"Cafe, Coffee, Shake, Beverages, Pizza, Sandwich, Fast Food",300,13.0,100.0,Anand Bhajipav And Pulav,0.0,"Street Food, Fast Food",150,21.0,100.0,Cloud Kitchen @555,4.3,"North Indian, Fast Food, Street Food",100,33.0
100.0,Prajapati Live Dhokla And Farali,0,"Gujarati, Street Food",150,16.0,100.0,Vadigam Farsan House,0.0,"Gujarati, Street Food",100,21.0,100.0,Pinch of Spice,4.4,"Biryani, Italian, Mexican, North Indian, Chinese",150,30.0
100.0,Ramesh Dalvada Centre,4.3,Street Food,100,19.0,100.0,BK Nagar Cholafali,4.3,Gujarati,150,36.0,100.0,Punjabi De Paranthe,3.6,"North Indian, Biryani",150,48.0
100.0,Coffee Stand,0,"Cafe, Coffee, Shake, Beverages, Pizza, Sandwich, Fast Food",300,13.0,100.0,Anand Bhajipav And Pulav,0.0,"Street Food, Fast Food",150,21.0,100.0,Cloud Kitchen @555,4.3,"North Indian, Fast Food, Street Food",100,33.0
100.0,Prajapati Live Dhokla And Farali,0,"Gujarati, Street Food",150,16.0,100.0,Vadigam Farsan House,0.0,"Gujarati, Street Food",100,21.0,100.0,Pinch of Spice,4.4,"Biryani, Italian, Mexican, North Indian, Chinese",150,30.0
100.0,Ramesh Dalvada Centre,4.3,Street Food,100,19.0,100.0,BK Nagar Cholafali,4.3,Gujarati,150,36.0,100.0,Punjabi De Paranthe,3.6,"North Indian, Biryani",150,48.0
100.0,Champaji Farsan House,4.3,"Mithai, Fast Food, Desserts",150,22.0,100.0,Unlocked,4.1,"Cafe, Fast Food, North Indian, Chinese, Desserts, Beverages, Italian",500,24.0,300.0,The Momo Co.,3.6,"Momos, Chinese, Desserts",200,32.0
100.0,Queen's Pizzaa,4.2,"Pizza, Fast Food",200,36.0,100.0,Aamchi Mumbaiya,3.9,"Beverages, Fast Food, Sandwich, Shake, Street Food, Tea, Maharashtrian",100,20.0,100.0,Lakhi Farali World,3.8,"Gujarati, Street Food, North Indian",100,27.0
100.0,Kaffa Coffee Roasters,4.2,"Continental, Fast Food, Pizza, Coffee, Desserts",600,32.0,0,Trishiv Chinese Corner,0.0,"Chinese, Fast Food, Rolls, Street Food, Continental, North Indian, Beverages",200,28.0,100.0,Waffle Castle,4.1,"Waffle, Shake, Pancake",150,37.0
100.0,Prajapati Farali Khichdi Center,4.2,Street Food,40,14.0,125.0,Franky Station,4.0,"Rolls, Burger",150,35.0,100.0,AMBIKA DALWADA,4.5,Gujarati,100,29.0
100.0,Kaffa Coffee Roasters,4.2,"Continental, Fast Food, Pizza, Coffee, Desserts",600,32.0,0,Trishiv Chinese Corner,0.0,"Chinese, Fast Food, Rolls, Street Food, Continental, North Indian, Beverages",200,28.0,100.0,Waffle Castle,4.1,"Waffle, Shake, Pancake",150,37.0
100.0,Prajapati Farali Khichdi Center,4.2,Street Food,40,14.0,125.0,Franky Station,4.0,"Rolls, Burger",150,35.0,100.0,AMBIKA DALWADA,4.5,Gujarati,100,29.0
100.0,Apna Burger,0,"Burger, Street Food, Fast Food, Beverages, Shake",100,30.0,100.0,Boss Burger,3.8,"Burger, Fast Food, American, Finger Food, Desserts, Beverages, Continental",200,30.0,100.0,Manubhai Gathiyawala,4.4,"Street Food, Sandwich, Fast Food",100,28.0
100.0,Cafe At 49,0,Fast Food,100,19.0,100.0,Punjabi Khana Khajana,0.0,"North Indian, Gujarati, Beverages",250,34.0,100.0,Keventers Ice Cream,4.1,"Beverages, Shake",200,19.0
100.0,Turkish Zaika,4.1,"Desserts, Turkish",150,31.0,100.0,Shankar's Ice Cream Library,0.0,Ice Cream,150,14.0,100.0,Jay Ambe Tea Stall,3.6,"Tea, Fast Food, Street Food",100,33.0
100.0,Anurag Purohit,4.3,"Sandwich, Fast Food",150,14.0,100.0,Fit Kitchen Healthy Wade,3.8,Healthy Food,200,40.0,100.0,So Seoul,3.5,"Korean, Chinese, Desserts, Beverages",200,32.0
100.0,Bismillah Chicken Biryani,4.2,"Biryani, North Indian",250,29.0,100.0,Taiba Dilhi Biryani,4.3,Biryani,150,,100.0,Nook By Grace Coffee Co.,4.1,"Coffee, Continental, Italian, Shake, Tea, Beverages",200,30.0
100.0,House Of Thali,4.3,North Indian,250,36.0,100.0,GL Dalwada Centre,0.0,Street Food,100,22.0,25.0,Thepla Mania,3.8,"Gujarati, Kathiyawadi, Beverages, Desserts",150,24.0
30.0,WOW! Kulfi,4.0,"Desserts, Ice Cream",198,17.0,100.0,Lazeez,2.3,"North Indian, Chinese",150,17.0,100.0,Mama Na Vadapav And Bhajiya House,3.7,"Desserts, Shake, Street Food, Waffle, Beverages",100,21.0
100.0,Aannapurna The Mumma's Rasoi And Cafe,4.0,"Street Food, Momos, Cafe",100,47.0,100.0,Raj Restaurant,0.0,"Biryani, Chinese, North Indian, Mughlai",150,28.0,100.0,New Bera Bakery,3.9,"Bakery, Fast Food",100,34.0
100.0,Bismillah Chicken Biryani,4.2,"Biryani, North Indian",250,29.0,100.0,Taiba Dilhi Biryani,4.3,Biryani,150,,100.0,Nook By Grace Coffee Co.,4.1,"Coffee, Continental, Italian, Shake, Tea, Beverages",200,30.0
100.0,House Of Thali,4.3,North Indian,250,36.0,100.0,GL Dalwada Centre,0.0,Street Food,100,22.0,25.0,Thepla Mania,3.8,"Gujarati, Kathiyawadi, Beverages, Desserts",150,24.0
30.0,WOW! Kulfi,4.0,"Desserts, Ice Cream",198,17.0,100.0,Lazeez,2.3,"North Indian, Chinese",150,17.0,100.0,Mama Na Vadapav And Bhajiya House,3.7,"Desserts, Shake, Street Food, Waffle, Beverages",100,21.0
100.0,Aannapurna The Mumma's Rasoi And Cafe,4.0,"Street Food, Momos, Cafe",100,47.0,100.0,Raj Restaurant,0.0,"Biryani, Chinese, North Indian, Mughlai",150,28.0,100.0,New Bera Bakery,3.9,"Bakery, Fast Food",100,34.0
100.0,Cake Dengo Cake Shop,4.1,"Bakery, Desserts",150,32.0,100.0,Sawariya Gruh Udhyog,3.8,Gujarati,100,36.0,100.0,New Bombay Bhaji Pav,4.2,"Street Food, Chinese, Fast Food, Pizza, Sandwich",200,30.0
100.0,Karnavati Vadapav & Fast Food,4.0,"Sandwich, Street Food",150,27.0,100.0,Geeta Jadon Food,0.0,North Indian,300,28.0,100.0,Momo Kraft,3.4,Momos,100,38.0
100.0,Dhokla World,4.1,"Gujarati, North Indian, Momos",150,33.0,100.0,La Jawab Fast Food,4.2,"Burger, Fast Food, Pizza, Street Food, Seafood, Shawarma",150,32.0,100.0,La Shake Esfera,4.2,"Sandwich, Burger, Rolls, Fast Food, Street Food, Desserts, Coffee, Beverages",150,32.0
100.0,Prajapati Farali Khichdi,4.0,"North Indian, Street Food",100,26.0,100.0,Hotel Alba Premier,0.0,"North Indian, Chinese",200,42.0,100.0,GulalWadi,4.2,"Pizza, Sandwich, North Indian, Fast Food, Chinese",200,25.0
100.0,May Flower - Hotel The Westend,4.4,"North Indian, Chinese, Continental, Biryani, Desserts, Beverages",400,28.0,100.0,Neelkanth surati locho and khaman House,4.3,"Gujarati, Rolls",100,27.0,100.0,Ajay's Cafe,4.0,"Burger, Pizza, Fast Food, Beverages",150,20.0
100.0,Anjalee's Kitchen,3.3,"North Indian, Biryani",200,42.0,100.0,The China Wok,0.0,"Chinese, Momos, Pasta",150,38.0,100.0,The Tent Cafe,3.9,"Cafe, Pizza, North Indian, Chinese, Fast Food, Beverages, Desserts",350,27.0
100.0,Cafe 29,4.0,"Pizza, Sandwich, Burger, Street Food, Fast Food, Shake, Beverages",100,31.0,100.0,Prem Mevad Ice Cream,4.0,"Rolls, Pasta, Fast Food, Ice Cream, Beverages",150,16.0,40.0,Ovenfresh Cakes & Desserts,3.9,"Bakery, Desserts, Ice Cream, Mithai, Beverages, Pizza",100,36.0
15.0,ITC Narmada - Nutmeg The Gourmet Shop,4.3,Bakery,600,54.0,100.0,Paratha Villa,3.9,"North Indian, Beverages",150,24.0,100.0,Manohar Cholafali Center,4.5,Street Food,40,26.0
100.0,May Flower - Hotel The Westend,4.4,"North Indian, Chinese, Continental, Biryani, Desserts, Beverages",400,28.0,100.0,Neelkanth surati locho and khaman House,4.3,"Gujarati, Rolls",100,27.0,100.0,Ajay's Cafe,4.0,"Burger, Pizza, Fast Food, Beverages",150,20.0
100.0,Anjalee's Kitchen,3.3,"North Indian, Biryani",200,42.0,100.0,The China Wok,0.0,"Chinese, Momos, Pasta",150,38.0,100.0,The Tent Cafe,3.9,"Cafe, Pizza, North Indian, Chinese, Fast Food, Beverages, Desserts",350,27.0
100.0,Cafe 29,4.0,"Pizza, Sandwich, Burger, Street Food, Fast Food, Shake, Beverages",100,31.0,100.0,Prem Mevad Ice Cream,4.0,"Rolls, Pasta, Fast Food, Ice Cream, Beverages",150,16.0,40.0,Ovenfresh Cakes & Desserts,3.9,"Bakery, Desserts, Ice Cream, Mithai, Beverages, Pizza",100,36.0
15.0,ITC Narmada - Nutmeg The Gourmet Shop,4.3,Bakery,600,54.0,100.0,Paratha Villa,3.9,"North Indian, Beverages",150,24.0,100.0,Manohar Cholafali Center,4.5,Street Food,40,26.0
100.0,Live Cake Shop,4.3,Bakery,250,38.0,100.0,Cake Bonzerbites - Live Cake,4.1,"Bakery, Desserts",300,33.0,100.0,Ajay's,3.9,"North Indian, Fast Food, Beverages",150,18.0
75.0,Vaibhav Restaurant,4.4,"North Indian, South Indian, Chinese, Fast Food, Desserts, Beverages",200,23.0,100.0,Shree Bajrang Chaat,4.4,"Street Food, North Indian",100,22.0,100.0,The Egg Eatery - Eggstremely Delicious,4.0,"North Indian, Street Food",200,33.0
100.0,Jay Bholenath Vadapav,0,"Sandwich, Pizza, Fast Food, Street Food, Shake, Beverages",100,21.0,100.0,High On Chai,0.0,"Tea, Fast Food, Sandwich, Beverages",100,34.0,100.0,Fitfuel & Co,4.4,"Healthy Food, Beverages, Fast Food",200,36.0
100.0,Charbhuja Sandwich,4.3,"Fast Food, Sandwich, Street Food",100,24.0,100.0,North Tandoor,4.2,"North Indian, Momos",200,30.0,100.0,Shriji Khana Khazana,3.5,"North Indian, Chinese, Fast Food",200,28.0
100.0,Radhanand Restaurant,4.1,"North Indian, Gujarati, Rajasthani",400,28.0,100.0,Nomad Pizza - Traveller Series,4.0,"Pizza, Italian, Pasta",200,38.0,100.0,Old Delhi Ki Mashur Chicken Biryani,3.8,"Biryani, North Indian",150,36.0
100.0,Krishna Juice Centre,4.2,Juices,100,18.0,100.0,Heaven’s Of Pizza,3.9,"Pizza, Fast Food, Wraps, Burger",150,29.0,100.0,Asharfilal Kulfi,4.3,Desserts,100,16.0
100.0,Spice Box,4.0,"Gujarati, North Indian, Beverages",150,38.0,100.0,AK Samosa Centre,3.8,Street Food,100,36.0,100.0,Bharat Krishna Cake & Pastry,4.4,Bakery,150,15.0
100.0,Jitesh Chavana And Sweet Mart,4.0,"Mithai, Desserts",100,26.0,100.0,Riviera Restaurant,3.9,"North Indian, Chinese, Continental, Italian, Fast Food, Desserts",350,24.0,100.0,Thali Tales By Biryani Box,3.2,"North Indian, Biryani, Mughlai",100,22.0
100.0,Radhanand Restaurant,4.1,"North Indian, Gujarati, Rajasthani",400,28.0,100.0,Nomad Pizza - Traveller Series,4.0,"Pizza, Italian, Pasta",200,38.0,100.0,Old Delhi Ki Mashur Chicken Biryani,3.8,"Biryani, North Indian",150,36.0
100.0,Krishna Juice Centre,4.2,Juices,100,18.0,100.0,Heaven’s Of Pizza,3.9,"Pizza, Fast Food, Wraps, Burger",150,29.0,100.0,Asharfilal Kulfi,4.3,Desserts,100,16.0
100.0,Spice Box,4.0,"Gujarati, North Indian, Beverages",150,38.0,100.0,AK Samosa Centre,3.8,Street Food,100,36.0,100.0,Bharat Krishna Cake & Pastry,4.4,Bakery,150,15.0
100.0,Jitesh Chavana And Sweet Mart,4.0,"Mithai, Desserts",100,26.0,100.0,Riviera Restaurant,3.9,"North Indian, Chinese, Continental, Italian, Fast Food, Desserts",350,24.0,100.0,Thali Tales By Biryani Box,3.2,"North Indian, Biryani, Mughlai",100,22.0
100.0,Ahmedabad Live Dhokla,4.3,Gujarati,150,18.0,100.0,Pita Pita,4.1,"Mediterranean, Continental, Salad, Desserts, Beverages",300,27.0,100.0,Gurukrupa Farali Centre,4.3,"Gujarati, Healthy Food",100,22.0
150.0,Bowl By Anjoy,4.1,"North Indian, Chinese, Biryani",250,24.0,100.0,City Samosa,4.0,"Maharashtrian, Street Food, Beverages",100,22.0,100.0,Bite Club,3.9,"Fast Food, North Indian",180,29.0
100.0,Mrs Mage - Hyatt Ahmedabad,4.0,"Cafe, North Indian, Continental, Italian, Fast Food",600,45.0,100.0,Shiv Shakti Bhajipav Pulav,4.3,Maharashtrian,100,24.0,100.0,Delhi Ke Mashoor Chur Chur Naan,3.8,North Indian,100,21.0
100.0,Paldi Juice Corner,4.2,"Juices, Shake, Beverages",100,23.0,100.0,Jay Nilkanth Snacks,4.0,"Street Food, Fast Food, Beverages",100,36.0,100.0,Chat On Chaat,4.2,"Street Food, Chinese, North Indian, Fast Food",150,21.0
100.0,Mrs Mage - Hyatt Ahmedabad,4.0,"Cafe, North Indian, Continental, Italian, Fast Food",600,45.0,100.0,Shiv Shakti Bhajipav Pulav,4.3,Maharashtrian,100,24.0,100.0,Delhi Ke Mashoor Chur Chur Naan,3.8,North Indian,100,21.0
100.0,Paldi Juice Corner,4.2,"Juices, Shake, Beverages",100,23.0,100.0,Jay Nilkanth Snacks,4.0,"Street Food, Fast Food, Beverages",100,36.0,100.0,Chat On Chaat,4.2,"Street Food, Chinese, North Indian, Fast Food",150,21.0
100.0,Brown Burger,4.3,"Burger, Wraps, Fast Food",150,32.0,100.0,Agashiye - The House Of MG,0.0,Gujarati,1,31.0,100.0,Cake Bakebone,3.9,Bakery,100,28.0
100.0,Pure Healthy Eats,4.3,"Salad, Juices, Shake",150,24.0,100.0,Kanchiipuram,4.0,"South Indian, Desserts, Beverages",150,23.0,100.0,Bolo Tara Rara,3.5,Gujarati,100,24.0
100.0,Bhavnagari Chawana & Sweets,4.3,"Mithai, Street Food",100,28.0,100.0,Dollar Pie Pizza,4.0,"Pizza, Sandwich, Fast Food",150,34.0,100.0,Jalaram Food,3.9,"Chinese, North Indian, Street Food, Fast Food",150,26.0
100.0,Jay Ambe Farsan,4.0,"Gujarati, Mithai",150,14.0,100.0,Bismillah Hotel,4.3,"North Indian, Biryani",150,28.0,100.0,78 vadapav,New,"Fast Food, Street Food",100,32.0
100.0,Grab Eat Snacks & Foods,4.0,"North Indian, Biryani, Chinese",200,22.0,100.0,FM Frankie & Momo's,0.0,"Momos, Rolls, Chinese, Shake, Coffee",150,45.0,100.0,KGN Shawarma,3.9,"Shawarma, BBQ, Pizza, Fast Food",100,35.0
100.0,Shree Charbhuja Sandwhich Centre,4.0,"Fast Food, Pizza, Sandwich, Street Food",150,16.0,100.0,Hello Foodies,4.0,"Shawarma, Arabian, Mexican, Rolls",100,29.0,100.0,Shivam Snacks,4.2,"South Indian, Pizza",150,28.0
100.0,Kaka Na Vadapav,4.1,Street Food,100,41.0,100.0,Eat It More,4.0,"Gujarati, North Indian, Fast Food, Street Food, Beverages",150,20.0,100.0,Grill'd N More,4.2,"Burger, Sandwich, Salad, Pizza, Healthy Food",200,34.0
100.0,Tummy Tikki Burger,4.1,"Sandwich, Burger, Pizza, Wraps, Fast Food, Street Food",100,16.0,100.0,MMV - Mumbaiya Misal & Vadapav,0.0,"Street Food, Fast Food, Sichuan, Beverages",100,37.0,100.0,Pizza Point Express Outlet,4.2,"Pizza, Italian, Fast Food",200,28.0
100.0,Grab Eat Snacks & Foods,4.0,"North Indian, Biryani, Chinese",200,22.0,100.0,FM Frankie & Momo's,0.0,"Momos, Rolls, Chinese, Shake, Coffee",150,45.0,100.0,KGN Shawarma,3.9,"Shawarma, BBQ, Pizza, Fast Food",100,35.0
100.0,Shree Charbhuja Sandwhich Centre,4.0,"Fast Food, Pizza, Sandwich, Street Food",150,16.0,100.0,Hello Foodies,4.0,"Shawarma, Arabian, Mexican, Rolls",100,29.0,100.0,Shivam Snacks,4.2,"South Indian, Pizza",150,28.0
100.0,Kaka Na Vadapav,4.1,Street Food,100,41.0,100.0,Eat It More,4.0,"Gujarati, North Indian, Fast Food, Street Food, Beverages",150,20.0,100.0,Grill'd N More,4.2,"Burger, Sandwich, Salad, Pizza, Healthy Food",200,34.0
100.0,Tummy Tikki Burger,4.1,"Sandwich, Burger, Pizza, Wraps, Fast Food, Street Food",100,16.0,100.0,MMV - Mumbaiya Misal & Vadapav,0.0,"Street Food, Fast Food, Sichuan, Beverages",100,37.0,100.0,Pizza Point Express Outlet,4.2,"Pizza, Italian, Fast Food",200,28.0
100.0,Aban Fry,4.0,"North Indian, Biryani, Chinese",150,27.0,100.0,Now For Ever Cakes,3.9,Bakery,100,14.0,100.0,Charbhuja Sandwich Center,4.0,"Sandwich, Gujarati, Maharashtrian, Pizza, Fast Food, Street Food",100,23.0
100.0,Bera Samosa,4.4,"Street Food, Fast Food, North Indian, Chinese, Mughlai, Biryani",150,31.0,100.0,Induben Khakhrawala,4.0,Gujarati,100,16.0,100.0,Cakes ‘N’ Bakes,3.4,Bakery,250,33.0
100.0,Patel's Cloud Kitchen,4.1,"Gujarati, Sandwich, Fast Food, Street Food",150,31.0,100.0,Shiv Santosh,4.3,Street Food,100,27.0,10.0,Shree Janta Ice Cream,4.3,"Ice Cream, Beverages, Shake, Desserts",100,28.0
100.0,Shen,4.3,"Chinese, Fast Food",200,34.0,100.0,Brewgarten,0.0,"Cafe, Continental, Bakery, Shake, Beverages",250,18.0,100.0,Melona Cafe,3.3,"Burger, Pizza, Sandwich, Wraps",100,34.0
100.0,Aban Fry,4.0,"North Indian, Biryani, Chinese",150,27.0,100.0,Now For Ever Cakes,3.9,Bakery,100,14.0,100.0,Charbhuja Sandwich Center,4.0,"Sandwich, Gujarati, Maharashtrian, Pizza, Fast Food, Street Food",100,23.0
100.0,Bera Samosa,4.4,"Street Food, Fast Food, North Indian, Chinese, Mughlai, Biryani",150,31.0,100.0,Induben Khakhrawala,4.0,Gujarati,100,16.0,100.0,Cakes ‘N’ Bakes,3.4,Bakery,250,33.0
100.0,Patel's Cloud Kitchen,4.1,"Gujarati, Sandwich, Fast Food, Street Food",150,31.0,100.0,Shiv Santosh,4.3,Street Food,100,27.0,10.0,Shree Janta Ice Cream,4.3,"Ice Cream, Beverages, Shake, Desserts",100,28.0
100.0,Shen,4.3,"Chinese, Fast Food",200,34.0,100.0,Brewgarten,0.0,"Cafe, Continental, Bakery, Shake, Beverages",250,18.0,100.0,Melona Cafe,3.3,"Burger, Pizza, Sandwich, Wraps",100,34.0
15.0,Crunch - Global Budget Pizzas by Nomad,4.0,"Pizza, European, Pasta",400,33.0,100.0,Toom Yum,3.8,"Salad, Seafood, Thai, Asian, Beverages, Chinese",200,49.0,100.0,Supreme Sandwich Co.,2.9,Sandwich,100,35.0
100.0,Jamnagri Ghughra,4.1,"Gujarati, Street Food",100,31.0,100.0,Johnny Da Dhaba,3.8,"North Indian, Chinese",200,22.0,100.0,Shree Chamunda Fast Food,2.5,"Fast Food, Pizza, Sandwich, Chinese, Burger",150,37.0
100.0,Dosbros Fresh Mexican Grill,4.3,"Mexican, Shake, Beverages",150,27.0,100.0,Seema Parotha House,0.0,North Indian,150,27.0,100.0,Shree Guru GulalWadi,4.2,"Street Food, Pizza, Sandwich",100,24.0
100.0,Dimond Fry Centre,New,"North Indian, Mughlai, Seafood",200,23.0,100.0,Om Jodhpur Kanda Kachori,0.0,Street Food,100,28.0,100.0,Udipi - The Taste Of South,3.8,South Indian,250,31.0
100.0,Jamnagri Ghughra,4.1,"Gujarati, Street Food",100,31.0,100.0,Johnny Da Dhaba,3.8,"North Indian, Chinese",200,22.0,100.0,Shree Chamunda Fast Food,2.5,"Fast Food, Pizza, Sandwich, Chinese, Burger",150,37.0
100.0,Dosbros Fresh Mexican Grill,4.3,"Mexican, Shake, Beverages",150,27.0,100.0,Seema Parotha House,0.0,North Indian,150,27.0,100.0,Shree Guru GulalWadi,4.2,"Street Food, Pizza, Sandwich",100,24.0
100.0,Dimond Fry Centre,New,"North Indian, Mughlai, Seafood",200,23.0,100.0,Om Jodhpur Kanda Kachori,0.0,Street Food,100,28.0,100.0,Udipi - The Taste Of South,3.8,South Indian,250,31.0
100.0,Burger Point,-,"Burger, Fast Food",100,29.0,100.0,Leaf Restaurant,0.0,"North Indian, Chinese",450,32.0,100.0,Royal Rajavat,4.3,"Burger, Fast Food",100,30.0
15.0,ITC Narmada - Flavours,4.2,"North Indian, Chinese, Thai, Mexican, Desserts",400,63.0,100.0,London Crust Pizza,4.0,"Pizza, Sandwich, Desserts",150,35.0,100.0,20/b's Pizza,4.3,Pizza,100,38.0
100.0,Makers Of Milkshake,4.0,"Shake, Coffee, Beverages, Waffle, Desserts, Sandwich",200,21.0,100.0,Chakh Ke Dekho,3.9,"Street Food, Momos, Beverages",100,37.0,100.0,Havmor Icecream,4.0,"Ice Cream, Desserts",100,16.0
100.0,Samosazz,4.2,"Street Food, Fast Food, North Indian, Momos, Sandwich, Burger, Pizza, Beverages",200,34.0,100.0,Kalapi,0.0,"Chinese, North Indian, South Indian, Fast Food, Ice Cream, Desserts, Shake, Beverages",150,25.0,100.0,Chirag Snacks And Restaurant,4.3,"North Indian, Chinese, Fast Food, Pizza, Sandwich, Shake, Beverages",400,27.0
100.0,Mezban Biryani,4.2,"Biryani, Fast Food",150,28.0,100.0,Nanma Cuisines,0.0,Kerala,100,21.0,100.0,Bheruji Fast Food,4.0,"Street Food, South Indian, Chinese",150,26.0
100.0,Navrang Fast Food And Cafe,0,"Burger, Sandwich, Pizza, Fast Food, Street Food, Shake, Tea, Beverages",200,23.0,100.0,Vadigam Bhajiya House,2.4,Gujarati,100,34.0,100.0,Sancha,4.3,"Ice Cream, Desserts, Shake, Beverages",100,14.0
100.0,Bell Pan House,4.0,Paan,100,33.0,30.0,"Faasos - Wraps, Rolls & Shawarma",4.1,"Rolls, Wraps, Shawarma",200,28.0,100.0,Mysor Cafe,4.1,"South Indian, North Indian",100,22.0
100.0,BN Maggi Kailash Bhai CEPT Wala,4.0,"Street Food, Chinese, Fast Food, Pizza, Rolls, Pasta",200,23.0,100.0,The Fusion Pizza,0.0,"Pizza, Fast Food",200,35.0,100.0,Mithai and More by Shreeji Dairy,4.1,"Mithai, Desserts",200,26.0
100.0,Mezban Biryani,4.2,"Biryani, Fast Food",150,28.0,100.0,Nanma Cuisines,0.0,Kerala,100,21.0,100.0,Bheruji Fast Food,4.0,"Street Food, South Indian, Chinese",150,26.0
100.0,Navrang Fast Food And Cafe,0,"Burger, Sandwich, Pizza, Fast Food, Street Food, Shake, Tea, Beverages",200,23.0,100.0,Vadigam Bhajiya House,2.4,Gujarati,100,34.0,100.0,Sancha,4.3,"Ice Cream, Desserts, Shake, Beverages",100,14.0
100.0,Bell Pan House,4.0,Paan,100,33.0,30.0,"Faasos - Wraps, Rolls & Shawarma",4.1,"Rolls, Wraps, Shawarma",200,28.0,100.0,Mysor Cafe,4.1,"South Indian, North Indian",100,22.0
100.0,BN Maggi Kailash Bhai CEPT Wala,4.0,"Street Food, Chinese, Fast Food, Pizza, Rolls, Pasta",200,23.0,100.0,The Fusion Pizza,0.0,"Pizza, Fast Food",200,35.0,100.0,Mithai and More by Shreeji Dairy,4.1,"Mithai, Desserts",200,26.0
100.0,Shambhu's Coffee Bar,4.0,"Coffee, Beverages, South Indian, North Indian, Chinese, Sandwich, Pizza, Fast Food",150,34.0,100.0,Shree Ram Vijay Hindu Hotel,4.3,"North Indian, Gujarati, Street Food",100,37.0,100.0,IGP Cakes,4.1,"Bakery, Desserts, Cake, Mithai",250,27.0
100.0,Royal Pizza & Burger,0,"Pizza, Burger, Sandwich, Fast Food",100,25.0,100.0,The Pizza Project By Oven Story,3.9,Pizza,100,41.0,100.0,Modi Sandwich & Pizza,3.9,"Sandwich, Pizza, Chinese",150,35.0
100.0,Kapil Na Ghughra,4.4,"Gujarati, Maharashtrian, Street Food",40,21.0,100.0,Kutchi King,4.3,"Fast Food, Sandwich, Pizza, Gujarati, Street Food",100,27.0,100.0,High Tea,-,"Tea, Sandwich",100,27.0
100.0,Parsi Dairy Farm,0,"Ice Cream, Desserts, Khaleeji",150,16.0,100.0,Khichdi Tales,3.9,North Indian,100,24.0,0,Chai Wai,4.0,"Tea, Coffee, Beverages, Fast Food, Pizza, Sandwich, Street Food",100,38.0
100.0,Hotel Shital Inn,4.2,"Fast Food, North Indian, Chinese, Gujarati, Street Food, Sandwich, Beverages",100,33.0,100.0,South Dilli Momo's,4.2,Momos,100,30.0,100.0,Modi Sandwich & Pizza,3.9,"Pizza, Sandwich, Chinese, Fast Food, Burger, Hot dogs, Finger Food, Sichuan",150,30.0
100.0,Peppers By Pepparazzi,4.1,"North Indian, Continental, Japanese, Asian",600,28.0,100.0,Prince Corner,4.1,"Pizza, Burger, Sandwich, Fast Food, South Indian, Street Food, Chinese, Beverages",200,34.0,100.0,Shree Ram Dabeli Vada Pav,4.1,"Gujarati, Pizza, Sandwich, Fast Food, Street Food, Shake, Beverages",150,28.0
100.0,Big Burger Co.,4.0,"Burger, Sandwich, Fast Food, Coffee, Beverages",200,35.0,100.0,Hotel Sagar,0.0,"North Indian, South Indian",200,40.0,100.0,20 GMS Protein,4.0,"Healthy Food, Sandwich, North Indian, Salad",150,37.0
100.0,Ronak Hotel,0,"North Indian, Mughlai, Biryani, Street Food",100,33.0,100.0,Bera Samosa Center,3.8,"North Indian, Street Food, Fast Food",100,41.0,100.0,New Prince Bhajipav Corner,4.0,"Fast Food, South Indian",150,31.0
